t,stage_id,trunk_joint1,trunk_joint2,trunk_joint3,trunk_joint4,dtrunk_joint1,dtrunk_joint2,dtrunk_joint3,dtrunk_joint4,ddtrunk_joint1,ddtrunk_joint2,ddtrunk_joint3,ddtrunk_joint4
0.000000,1,0.000000,0.000000,0.000000,0.000000,0.000000,0.000000,0.000000,0.000000,0.000000,0.000000,0.000000,0.000000
0.020000,1,-0.000008,-0.000004,-0.000012,0.000000,-0.001257,-0.000590,-0.001847,0.000000,-0.124396,-0.058390,-0.182786,0.000000
0.040000,1,-0.000066,-0.000031,-0.000097,0.000000,-0.004926,-0.002312,-0.007238,0.000000,-0.241252,-0.113241,-0.354493,0.000000
0.060000,1,-0.000221,-0.000104,-0.000324,0.000000,-0.010858,-0.005096,-0.015954,0.000000,-0.350724,-0.164625,-0.515349,0.000000
0.080000,1,-0.000515,-0.000242,-0.000756,0.000000,-0.018906,-0.008874,-0.027781,0.000000,-0.452964,-0.212616,-0.665580,0.000000
0.100000,1,-0.000990,-0.000465,-0.001455,0.000000,-0.028929,-0.013579,-0.042508,0.000000,-0.548126,-0.257284,-0.805410,0.000000
0.120000,1,-0.001684,-0.000791,-0.002475,0.000000,-0.040785,-0.019144,-0.059929,0.000000,-0.636365,-0.298702,-0.935067,0.000000
0.140000,1,-0.002633,-0.001236,-0.003868,0.000000,-0.054338,-0.025506,-0.079844,0.000000,-0.717834,-0.336942,-1.054776,0.000000
0.160000,1,-0.003868,-0.001816,-0.005684,0.000000,-0.069454,-0.032601,-0.102056,0.000000,-0.792687,-0.372077,-1.164764,0.000000
0.180000,1,-0.005420,-0.002544,-0.007965,0.000000,-0.086003,-0.040369,-0.126371,0.000000,-0.861077,-0.404179,-1.265257,0.000000
0.200000,1,-0.007317,-0.003434,-0.010751,0.000000,-0.103856,-0.048749,-0.152604,0.000000,-0.923160,-0.433320,-1.356480,0.000000
0.220000,1,-0.009582,-0.004498,-0.014080,0.000000,-0.122888,-0.057682,-0.180570,0.000000,-0.979088,-0.459572,-1.438660,0.000000
0.240000,1,-0.012239,-0.005745,-0.017985,0.000000,-0.142979,-0.067113,-0.210092,0.000000,-1.029016,-0.483007,-1.512023,0.000000
0.260000,1,-0.015308,-0.007185,-0.022493,0.000000,-0.164010,-0.076984,-0.240994,0.000000,-1.073097,-0.503698,-1.576795,0.000000
0.280000,1,-0.018805,-0.008827,-0.027632,0.000000,-0.185865,-0.087243,-0.273108,0.000000,-1.111485,-0.521717,-1.633202,0.000000
0.300000,1,-0.022747,-0.010677,-0.033425,0.000000,-0.208432,-0.097836,-0.306268,0.000000,-1.144334,-0.537136,-1.681470,0.000000
0.320000,1,-0.027147,-0.012742,-0.039889,0.000000,-0.231602,-0.108711,-0.340314,0.000000,-1.171798,-0.550028,-1.721825,0.000000
0.340000,1,-0.032015,-0.015027,-0.047042,0.000000,-0.255269,-0.119820,-0.375090,0.000000,-1.194031,-0.560463,-1.754494,0.000000
0.360000,1,-0.037360,-0.017536,-0.054896,0.000000,-0.279330,-0.131114,-0.410444,0.000000,-1.211186,-0.568516,-1.779702,0.000000
0.380000,1,-0.043190,-0.020273,-0.063463,0.000000,-0.303684,-0.142545,-0.446229,0.000000,-1.223418,-0.574257,-1.797675,0.000000
0.400000,1,-0.049509,-0.023239,-0.072748,0.000000,-0.328235,-0.154069,-0.482304,0.000000,-1.230880,-0.577760,-1.808640,0.000000
0.420000,1,-0.056320,-0.026436,-0.082756,0.000000,-0.352888,-0.165641,-0.518530,0.000000,-1.233726,-0.579096,-1.812822,0.000000
0.440000,1,-0.063624,-0.029864,-0.093489,0.000000,-0.377554,-0.177219,-0.554773,0.000000,-1.232111,-0.578338,-1.810449,0.000000
0.460000,1,-0.071422,-0.033524,-0.104946,0.000000,-0.402144,-0.188761,-0.590905,0.000000,-1.226187,-0.575557,-1.801745,0.000000
0.480000,1,-0.079709,-0.037414,-0.117123,0.000000,-0.426574,-0.200229,-0.626802,0.000000,-1.216109,-0.570827,-1.786936,0.000000
0.500000,1,-0.088483,-0.041533,-0.130016,0.000000,-0.450762,-0.211582,-0.662344,0.000000,-1.202031,-0.564219,-1.766250,0.000000
0.520000,1,-0.097737,-0.045877,-0.143614,0.000000,-0.474629,-0.222785,-0.697415,0.000000,-1.184107,-0.555805,-1.739912,0.000000
0.540000,1,-0.107465,-0.050443,-0.157908,0.000000,-0.498101,-0.233803,-0.731904,0.000000,-1.162489,-0.545658,-1.708147,0.000000
0.560000,1,-0.117658,-0.055227,-0.172886,0.000000,-0.521105,-0.244600,-0.765706,0.000000,-1.137333,-0.533850,-1.671183,0.000000
0.580000,1,-0.128306,-0.060225,-0.188531,0.000000,-0.543572,-0.255146,-0.798718,0.000000,-1.108792,-0.520453,-1.629246,0.000000
0.600000,1,-0.139397,-0.065431,-0.204828,0.000000,-0.565435,-0.265408,-0.830844,0.000000,-1.077020,-0.505540,-1.582560,0.000000
0.620000,1,-0.150919,-0.070840,-0.221759,0.000000,-0.586632,-0.275358,-0.861990,0.000000,-1.042171,-0.489182,-1.531353,0.000000
0.640000,1,-0.162858,-0.076443,-0.239301,0.000000,-0.607103,-0.284967,-0.892069,0.000000,-1.004398,-0.471452,-1.475850,0.000000
0.660000,1,-0.175198,-0.082236,-0.257434,0.000000,-0.626790,-0.294207,-0.920997,0.000000,-0.963856,-0.452422,-1.416278,0.000000
0.680000,1,-0.187924,-0.088209,-0.276133,0.000000,-0.645640,-0.303055,-0.948695,0.000000,-0.920698,-0.432164,-1.352863,0.000000
0.700000,1,-0.201018,-0.094355,-0.295373,0.000000,-0.663601,-0.311486,-0.975088,0.000000,-0.875079,-0.410751,-1.285830,0.000000
0.720000,1,-0.214461,-0.100666,-0.315127,0.000000,-0.680627,-0.319478,-1.000106,0.000000,-0.827151,-0.388255,-1.215406,0.000000
0.740000,1,-0.228236,-0.107131,-0.335367,0.000000,-0.696673,-0.327010,-1.023683,0.000000,-0.777070,-0.364747,-1.141817,0.000000
0.760000,1,-0.242322,-0.113743,-0.356064,0.000000,-0.711697,-0.334062,-1.045759,0.000000,-0.724988,-0.340301,-1.065289,0.000000
0.780000,1,-0.256697,-0.120490,-0.377187,0.000000,-0.725660,-0.340616,-1.066276,0.000000,-0.671060,-0.314988,-0.986048,0.000000
0.800000,1,-0.271341,-0.127364,-0.398705,0.000000,-0.738528,-0.346656,-1.085184,0.000000,-0.615440,-0.288880,-0.904320,0.000000
0.820000,1,-0.286231,-0.134353,-0.420584,0.000000,-0.750268,-0.352166,-1.102434,0.000000,-0.558281,-0.262050,-0.820331,0.000000
0.840000,1,-0.301344,-0.141447,-0.442791,0.000000,-0.760850,-0.357134,-1.117984,0.000000,-0.499737,-0.234571,-0.734308,0.000000
0.860000,1,-0.316657,-0.148635,-0.465291,0.000000,-0.770249,-0.361545,-1.131794,0.000000,-0.439963,-0.206513,-0.646476,0.000000
0.880000,1,-0.332146,-0.155905,-0.488051,0.000000,-0.778441,-0.365391,-1.143832,0.000000,-0.379111,-0.177950,-0.557061,0.000000
0.900000,1,-0.347786,-0.163247,-0.511033,0.000000,-0.785407,-0.368661,-1.154068,0.000000,-0.317336,-0.148954,-0.466290,0.000000
0.920000,1,-0.363554,-0.170648,-0.534201,0.000000,-0.791130,-0.371347,-1.162476,0.000000,-0.254792,-0.119596,-0.374388,0.000000
0.940000,1,-0.379423,-0.178096,-0.557519,0.000000,-0.795595,-0.373442,-1.169037,0.000000,-0.191633,-0.089950,-0.281583,0.000000
0.960000,1,-0.395369,-0.185581,-0.580950,0.000000,-0.798792,-0.374943,-1.173735,0.000000,-0.128012,-0.060087,-0.188099,0.000000
0.980000,1,-0.411366,-0.193090,-0.604456,0.000000,-0.800713,-0.375845,-1.176558,0.000000,-0.064083,-0.030080,-0.094162,0.000000
1.000000,1,-0.427389,-0.200611,-0.628000,0.000000,-0.801354,-0.376146,-1.177500,0.000000,0.000000,0.000000,-0.000000,0.000000
1.020000,1,-0.443412,-0.208132,-0.651544,0.000000,-0.800713,-0.375845,-1.176558,0.000000,0.064083,0.030080,0.094162,0.000000
1.040000,1,-0.459409,-0.215641,-0.675050,0.000000,-0.798792,-0.374943,-1.173735,0.000000,0.128012,0.060087,0.188099,0.000000
1.060000,1,-0.475355,-0.223126,-0.698481,0.000000,-0.795595,-0.373442,-1.169037,0.000000,0.191633,0.089950,0.281583,0.000000
1.080000,1,-0.491224,-0.230575,-0.721799,0.000000,-0.791130,-0.371347,-1.162476,0.000000,0.254792,0.119596,0.374388,0.000000
1.100000,1,-0.506992,-0.237976,-0.744967,0.000000,-0.785407,-0.368661,-1.154068,0.000000,0.317336,0.148954,0.466290,0.000000
1.120000,1,-0.522632,-0.245317,-0.767949,0.000000,-0.778441,-0.365391,-1.143832,0.000000,0.379111,0.177950,0.557061,0.000000
1.140000,1,-0.538121,-0.252587,-0.790709,0.000000,-0.770249,-0.361545,-1.131794,0.000000,0.439963,0.206513,0.646476,0.000000
1.160000,1,-0.553434,-0.259775,-0.813209,0.000000,-0.760850,-0.357134,-1.117984,0.000000,0.499737,0.234571,0.734308,0.000000
1.180000,1,-0.568547,-0.266869,-0.835416,0.000000,-0.750268,-0.352166,-1.102434,0.000000,0.558281,0.262050,0.820331,0.000000
1.200000,1,-0.583437,-0.273858,-0.857295,0.000000,-0.738528,-0.346656,-1.085184,0.000000,0.615440,0.288880,0.904320,0.000000
1.220000,1,-0.598081,-0.280732,-0.878813,0.000000,-0.725660,-0.340616,-1.066276,0.000000,0.671060,0.314988,0.986048,0.000000
1.240000,1,-0.612456,-0.287479,-0.899936,0.000000,-0.711697,-0.334062,-1.045759,0.000000,0.724988,0.340301,1.065289,0.000000
1.260000,1,-0.626542,-0.294091,-0.920633,0.000000,-0.696673,-0.327010,-1.023683,0.000000,0.777070,0.364747,1.141817,0.000000
1.280000,1,-0.640316,-0.300557,-0.940873,0.000000,-0.680627,-0.319478,-1.000106,0.000000,0.827151,0.388255,1.215406,0.000000
1.300000,1,-0.653760,-0.306867,-0.960627,0.000000,-0.663601,-0.311486,-0.975088,0.000000,0.875079,0.410751,1.285830,0.000000
1.320000,1,-0.666854,-0.313013,-0.979867,0.000000,-0.645640,-0.303055,-0.948695,0.000000,0.920698,0.432164,1.352863,0.000000
1.340000,1,-0.679580,-0.318986,-0.998566,0.000000,-0.626790,-0.294207,-0.920997,0.000000,0.963856,0.452422,1.416278,0.000000
1.360000,1,-0.691920,-0.324779,-1.016699,0.000000,-0.607103,-0.284967,-0.892069,0.000000,1.004398,0.471452,1.475850,0.000000
1.380000,1,-0.703859,-0.330383,-1.034241,0.000000,-0.586632,-0.275358,-0.861990,0.000000,1.042171,0.489182,1.531353,0.000000
1.400000,1,-0.715381,-0.335791,-1.051172,0.000000,-0.565436,-0.265408,-0.830844,0.000000,1.077020,0.505540,1.582560,0.000000
1.420000,1,-0.726472,-0.340997,-1.067469,0.000000,-0.543572,-0.255146,-0.798718,0.000000,1.108792,0.520453,1.629246,0.000000
1.440000,1,-0.737119,-0.345995,-1.083114,0.000000,-0.521105,-0.244600,-0.765706,0.000000,1.137333,0.533850,1.671183,0.000000
1.460000,1,-0.747312,-0.350779,-1.098092,0.000000,-0.498101,-0.233803,-0.731904,0.000000,1.162489,0.545658,1.708147,0.000000
1.480000,1,-0.757040,-0.355346,-1.112386,0.000000,-0.474629,-0.222785,-0.697415,0.000000,1.184107,0.555805,1.739912,0.000000
1.500000,1,-0.766295,-0.359689,-1.125984,0.000000,-0.450762,-0.211582,-0.662344,0.000000,1.202031,0.564219,1.766250,0.000000
1.520000,1,-0.775069,-0.363808,-1.138877,0.000000,-0.426574,-0.200229,-0.626802,0.000000,1.216109,0.570827,1.786936,0.000000
1.540000,1,-0.783356,-0.367698,-1.151054,0.000000,-0.402144,-0.188761,-0.590905,0.000000,1.226187,0.575557,1.801745,0.000000
1.560000,1,-0.791153,-0.371358,-1.162511,0.000000,-0.377554,-0.177219,-0.554773,0.000000,1.232111,0.578338,1.810449,0.000000
1.580000,1,-0.798458,-0.374786,-1.173244,0.000000,-0.352888,-0.165641,-0.518530,0.000000,1.233726,0.579096,1.812822,0.000000
1.600000,1,-0.805269,-0.377983,-1.183252,0.000000,-0.328235,-0.154069,-0.482304,0.000000,1.230880,0.577760,1.808640,0.000000
1.620000,1,-0.811588,-0.380949,-1.192537,0.000000,-0.303684,-0.142545,-0.446229,0.000000,1.223418,0.574257,1.797675,0.000000
1.640000,1,-0.817418,-0.383686,-1.201104,0.000000,-0.279330,-0.131114,-0.410444,0.000000,1.211186,0.568516,1.779702,0.000000
1.660000,1,-0.822763,-0.386195,-1.208958,0.000000,-0.255269,-0.119820,-0.375090,0.000000,1.194031,0.560463,1.754494,0.000000
1.680000,1,-0.827631,-0.388480,-1.216111,0.000000,-0.231602,-0.108711,-0.340314,0.000000,1.171798,0.550028,1.721825,0.000000
1.700000,1,-0.832031,-0.390545,-1.222575,0.000000,-0.208432,-0.097836,-0.306268,0.000000,1.144334,0.537136,1.681470,0.000000
1.720000,1,-0.835972,-0.392395,-1.228368,0.000000,-0.185865,-0.087243,-0.273108,0.000000,1.111485,0.521717,1.633202,0.000000
1.740000,1,-0.839470,-0.394037,-1.233507,0.000000,-0.164010,-0.076984,-0.240994,0.000000,1.073097,0.503698,1.576795,0.000000
1.760000,1,-0.842538,-0.395477,-1.238015,0.000000,-0.142979,-0.067113,-0.210092,0.000000,1.029016,0.483007,1.512023,0.000000
1.780000,1,-0.845195,-0.396724,-1.241920,0.000000,-0.122888,-0.057682,-0.180570,0.000000,0.979088,0.459572,1.438660,0.000000
1.800000,1,-0.847461,-0.397788,-1.245249,0.000000,-0.103855,-0.048748,-0.152604,0.000000,0.923160,0.433320,1.356480,0.000000
1.820000,1,-0.849357,-0.398678,-1.248035,0.000000,-0.086003,-0.040369,-0.126371,0.000000,0.861077,0.404179,1.265257,0.000000
1.840000,1,-0.850910,-0.399407,-1.250316,0.000000,-0.069454,-0.032601,-0.102056,0.000000,0.792687,0.372077,1.164764,0.000000
1.860000,1,-0.852145,-0.399986,-1.252132,0.000000,-0.054338,-0.025506,-0.079844,0.000000,0.717834,0.336942,1.054776,0.000000
1.880000,1,-0.853094,-0.400432,-1.253525,0.000000,-0.040785,-0.019144,-0.059929,0.000000,0.636365,0.298702,0.935067,0.000000
1.900000,1,-0.853788,-0.400758,-1.254545,0.000000,-0.028929,-0.013579,-0.042508,0.000000,0.548126,0.257284,0.805410,0.000000
1.920000,1,-0.854263,-0.400981,-1.255244,0.000000,-0.018906,-0.008874,-0.027781,0.000000,0.452964,0.212616,0.665580,0.000000
1.940000,1,-0.854557,-0.401119,-1.255676,0.000000,-0.010858,-0.005096,-0.015954,0.000000,0.350724,0.164625,0.515349,0.000000
1.960000,1,-0.854711,-0.401191,-1.255903,0.000000,-0.004926,-0.002312,-0.007238,0.000000,0.241252,0.113241,0.354493,0.000000
1.980000,1,-0.854769,-0.401218,-1.255988,0.000000,-0.001257,-0.000590,-0.001847,0.000000,0.124396,0.058390,0.182786,0.000000
2.000000,1,-0.854778,-0.401222,-1.256000,0.000000,-0.000000,0.000000,0.000000,0.000000,0.000000,0.000000,-0.000000,0.000000
2.020000,2,-0.854778,-0.401222,-1.255997,0.000001,0.000000,0.000000,0.000505,0.000130,0.000000,0.000000,0.050152,0.012918
2.040000,2,-0.854778,-0.401222,-1.255973,0.000007,0.000000,0.000000,0.001993,0.000513,0.000000,0.000000,0.098283,0.025315
2.060000,2,-0.854778,-0.401222,-1.255911,0.000023,0.000000,0.000000,0.004423,0.001139,0.000000,0.000000,0.144423,0.037200
2.080000,2,-0.854778,-0.401222,-1.255790,0.000054,0.000000,0.000000,0.007756,0.001998,0.000000,0.000000,0.188598,0.048578
2.100000,2,-0.854778,-0.401222,-1.255595,0.000104,0.000000,0.000000,0.011954,0.003079,0.000000,0.000000,0.230835,0.059458
2.120000,2,-0.854778,-0.401222,-1.255307,0.000179,0.000000,0.000000,0.016977,0.004373,0.000000,0.000000,0.271162,0.069845
2.140000,2,-0.854778,-0.401222,-1.254910,0.000281,0.000000,0.000000,0.022788,0.005870,0.000000,0.000000,0.309606,0.079747
2.160000,2,-0.854778,-0.401222,-1.254390,0.000415,0.000000,0.000000,0.029349,0.007560,0.000000,0.000000,0.346194,0.089171
2.180000,2,-0.854778,-0.401222,-1.253732,0.000584,0.000000,0.000000,0.036623,0.009433,0.000000,0.000000,0.380953,0.098124
2.200000,2,-0.854778,-0.401222,-1.252921,0.000793,0.000000,0.000000,0.044575,0.011481,0.000000,0.000000,0.413911,0.106614
2.220000,2,-0.854778,-0.401222,-1.251944,0.001045,0.000000,0.000000,0.053168,0.013695,0.000000,0.000000,0.445096,0.114646
2.240000,2,-0.854778,-0.401222,-1.250790,0.001342,0.000000,0.000000,0.062367,0.016064,0.000000,0.000000,0.474534,0.122228
2.260000,2,-0.854778,-0.401222,-1.249446,0.001688,0.000000,0.000000,0.072138,0.018581,0.000000,0.000000,0.502252,0.129368
2.280000,2,-0.854778,-0.401222,-1.247901,0.002086,0.000000,0.000000,0.082446,0.021236,0.000000,0.000000,0.528278,0.136072
2.300000,2,-0.854778,-0.401222,-1.246145,0.002539,0.000000,0.000000,0.093258,0.024021,0.000000,0.000000,0.552640,0.142347
2.320000,2,-0.854778,-0.401222,-1.244167,0.003048,0.000000,0.000000,0.104541,0.026927,0.000000,0.000000,0.575364,0.148200
2.340000,2,-0.854778,-0.401222,-1.241960,0.003616,0.000000,0.000000,0.116262,0.029946,0.000000,0.000000,0.596478,0.153638
2.360000,2,-0.854778,-0.401222,-1.239514,0.004246,0.000000,0.000000,0.128389,0.033070,0.000000,0.000000,0.616009,0.158669
2.380000,2,-0.854778,-0.401222,-1.236822,0.004940,0.000000,0.000000,0.140892,0.036290,0.000000,0.000000,0.633985,0.163299
2.400000,2,-0.854778,-0.401222,-1.233876,0.005699,0.000000,0.000000,0.153739,0.039599,0.000000,0.000000,0.650432,0.167536
2.420000,2,-0.854778,-0.401222,-1.230670,0.006524,0.000000,0.000000,0.166899,0.042989,0.000000,0.000000,0.665379,0.171385
2.440000,2,-0.854778,-0.401222,-1.227198,0.007419,0.000000,0.000000,0.180344,0.046452,0.000000,0.000000,0.678851,0.174856
2.460000,2,-0.854778,-0.401222,-1.223455,0.008383,0.000000,0.000000,0.194044,0.049981,0.000000,0.000000,0.690877,0.177953
2.480000,2,-0.854778,-0.401222,-1.219435,0.009418,0.000000,0.000000,0.207969,0.053568,0.000000,0.000000,0.701484,0.180685
2.500000,2,-0.854778,-0.401222,-1.215135,0.010526,0.000000,0.000000,0.222094,0.057206,0.000000,0.000000,0.710700,0.183059
2.520000,2,-0.854778,-0.401222,-1.210550,0.011707,0.000000,0.000000,0.236388,0.060888,0.000000,0.000000,0.718550,0.185081
2.540000,2,-0.854778,-0.401222,-1.205678,0.012962,0.000000,0.000000,0.250827,0.064607,0.000000,0.000000,0.725064,0.186759
2.560000,2,-0.854778,-0.401222,-1.200516,0.014291,0.000000,0.000000,0.265382,0.068356,0.000000,0.000000,0.730267,0.188099
2.580000,2,-0.854778,-0.401222,-1.195062,0.015696,0.000000,0.000000,0.280029,0.072129,0.000000,0.000000,0.734188,0.189109
2.600000,2,-0.854778,-0.401222,-1.189315,0.017176,0.000000,0.000000,0.294741,0.075918,0.000000,0.000000,0.736853,0.189796
2.620000,2,-0.854778,-0.401222,-1.183272,0.018733,0.000000,0.000000,0.309495,0.079718,0.000000,0.000000,0.738291,0.190166
2.640000,2,-0.854778,-0.401222,-1.176935,0.020365,0.000000,0.000000,0.324265,0.083523,0.000000,0.000000,0.738527,0.190227
2.660000,2,-0.854778,-0.401222,-1.170302,0.022074,0.000000,0.000000,0.339028,0.087325,0.000000,0.000000,0.737590,0.189985
2.680000,2,-0.854778,-0.401222,-1.163374,0.023858,0.000000,0.000000,0.353761,0.091120,0.000000,0.000000,0.735507,0.189449
2.700000,2,-0.854778,-0.401222,-1.156152,0.025718,0.000000,0.000000,0.368441,0.094901,0.000000,0.000000,0.732305,0.188624
2.720000,2,-0.854778,-0.401222,-1.148637,0.027654,0.000000,0.000000,0.383046,0.098663,0.000000,0.000000,0.728011,0.187518
2.740000,2,-0.854778,-0.401222,-1.140831,0.029665,0.000000,0.000000,0.397554,0.102400,0.000000,0.000000,0.722653,0.186138
2.760000,2,-0.854778,-0.401222,-1.132735,0.031750,0.000000,0.000000,0.411945,0.106107,0.000000,0.000000,0.716258,0.184491
2.780000,2,-0.854778,-0.401222,-1.124354,0.033909,0.000000,0.000000,0.426198,0.109778,0.000000,0.000000,0.708853,0.182583
2.800000,2,-0.854778,-0.401222,-1.115689,0.036141,0.000000,0.000000,0.440293,0.113409,0.000000,0.000000,0.700466,0.180423
2.820000,2,-0.854778,-0.401222,-1.106743,0.038445,0.000000,0.000000,0.454210,0.116994,0.000000,0.000000,0.691123,0.178017
2.840000,2,-0.854778,-0.401222,-1.097521,0.040820,0.000000,0.000000,0.467931,0.120528,0.000000,0.000000,0.680852,0.175371
2.860000,2,-0.854778,-0.401222,-1.088027,0.043266,0.000000,0.000000,0.481438,0.124007,0.000000,0.000000,0.669681,0.172494
2.880000,2,-0.854778,-0.401222,-1.078265,0.045780,0.000000,0.000000,0.494713,0.127426,0.000000,0.000000,0.657637,0.169391
2.900000,2,-0.854778,-0.401222,-1.068241,0.048362,0.000000,0.000000,0.507738,0.130781,0.000000,0.000000,0.644747,0.166071
2.920000,2,-0.854778,-0.401222,-1.057958,0.051011,0.000000,0.000000,0.520497,0.134067,0.000000,0.000000,0.631038,0.162540
2.940000,2,-0.854778,-0.401222,-1.047423,0.053724,0.000000,0.000000,0.532974,0.137281,0.000000,0.000000,0.616537,0.158805
2.960000,2,-0.854778,-0.401222,-1.036641,0.056502,0.000000,0.000000,0.545154,0.140418,0.000000,0.000000,0.601272,0.154873
2.980000,2,-0.854778,-0.401222,-1.025618,0.059341,0.000000,0.000000,0.557020,0.143475,0.000000,0.000000,0.585271,0.150752
3.000000,2,-0.854778,-0.401222,-1.014362,0.062240,0.000000,0.000000,0.568560,0.146447,0.000000,0.000000,0.568560,0.146447
3.020000,2,-0.854778,-0.401222,-1.002878,0.065198,0.000000,0.000000,0.579758,0.149332,0.000000,0.000000,0.551166,0.141967
3.040000,2,-0.854778,-0.401222,-0.991174,0.068213,0.000000,0.000000,0.590602,0.152125,0.000000,0.000000,0.533118,0.137318
3.060000,2,-0.854778,-0.401222,-0.979257,0.071282,0.000000,0.000000,0.601079,0.154823,0.000000,0.000000,0.514442,0.132508
3.080000,2,-0.854778,-0.401222,-0.967134,0.074405,0.000000,0.000000,0.611176,0.157424,0.000000,0.000000,0.495165,0.127543
3.100000,2,-0.854778,-0.401222,-0.954812,0.077579,0.000000,0.000000,0.620881,0.159924,0.000000,0.000000,0.475316,0.122430
3.120000,2,-0.854778,-0.401222,-0.942301,0.080801,0.000000,0.000000,0.630185,0.162320,0.000000,0.000000,0.454921,0.117176
3.140000,2,-0.854778,-0.401222,-0.929608,0.084071,0.000000,0.000000,0.639075,0.164610,0.000000,0.000000,0.434007,0.111790
3.160000,2,-0.854778,-0.401222,-0.916741,0.087385,0.000000,0.000000,0.647542,0.166791,0.000000,0.000000,0.412601,0.106276
3.180000,2,-0.854778,-0.401222,-0.903709,0.090742,0.000000,0.000000,0.655576,0.168860,0.000000,0.000000,0.390732,0.100643
3.200000,2,-0.854778,-0.401222,-0.890521,0.094139,0.000000,0.000000,0.663168,0.170816,0.000000,0.000000,0.368427,0.094898
3.220000,2,-0.854778,-0.401222,-0.877185,0.097574,0.000000,0.000000,0.670310,0.172656,0.000000,0.000000,0.345712,0.089047
3.240000,2,-0.854778,-0.401222,-0.863711,0.101044,0.000000,0.000000,0.676994,0.174377,0.000000,0.000000,0.322614,0.083098
3.260000,2,-0.854778,-0.401222,-0.850109,0.104548,0.000000,0.000000,0.683212,0.175979,0.000000,0.000000,0.299162,0.077057
3.280000,2,-0.854778,-0.401222,-0.836386,0.108082,0.000000,0.000000,0.688958,0.177459,0.000000,0.000000,0.275383,0.070932
3.300000,2,-0.854778,-0.401222,-0.822553,0.111645,0.000000,0.000000,0.694226,0.178816,0.000000,0.000000,0.251303,0.064730
3.320000,2,-0.854778,-0.401222,-0.808620,0.115234,0.000000,0.000000,0.699009,0.180048,0.000000,0.000000,0.226951,0.058457
3.340000,2,-0.854778,-0.401222,-0.794596,0.118846,0.000000,0.000000,0.703302,0.181154,0.000000,0.000000,0.202353,0.052121
3.360000,2,-0.854778,-0.401222,-0.780491,0.122479,0.000000,0.000000,0.707101,0.182132,0.000000,0.000000,0.177536,0.045729
3.380000,2,-0.854778,-0.401222,-0.766316,0.126131,0.000000,0.000000,0.710402,0.182982,0.000000,0.000000,0.152529,0.039288
3.400000,2,-0.854778,-0.401222,-0.752079,0.129798,0.000000,0.000000,0.713201,0.183703,0.000000,0.000000,0.127357,0.032804
3.420000,2,-0.854778,-0.401222,-0.737791,0.133478,0.000000,0.000000,0.715496,0.184294,0.000000,0.000000,0.102050,0.026286
3.440000,2,-0.854778,-0.401222,-0.723462,0.137169,0.000000,0.000000,0.717283,0.184755,0.000000,0.000000,0.076633,0.019739
3.460000,2,-0.854778,-0.401222,-0.709103,0.140867,0.000000,0.000000,0.718560,0.185084,0.000000,0.000000,0.051134,0.013171
3.480000,2,-0.854778,-0.401222,-0.694723,0.144571,0.000000,0.000000,0.719328,0.185281,0.000000,0.000000,0.025581,0.006589
3.500000,2,-0.854778,-0.401222,-0.680333,0.148278,0.000000,0.000000,0.719583,0.185347,0.000000,0.000000,0.000000,-0.000000
3.520000,2,-0.854778,-0.401222,-0.665943,0.151984,0.000000,0.000000,0.719328,0.185281,0.000000,0.000000,-0.025581,-0.006589
3.540000,2,-0.854778,-0.401222,-0.651564,0.155688,0.000000,0.000000,0.718560,0.185084,0.000000,0.000000,-0.051134,-0.013171
3.560000,2,-0.854778,-0.401222,-0.637204,0.159387,0.000000,0.000000,0.717283,0.184755,0.000000,0.000000,-0.076633,-0.019739
3.580000,2,-0.854778,-0.401222,-0.622876,0.163077,0.000000,0.000000,0.715496,0.184294,0.000000,0.000000,-0.102050,-0.026286
3.600000,2,-0.854778,-0.401222,-0.608588,0.166758,0.000000,0.000000,0.713201,0.183703,0.000000,0.000000,-0.127357,-0.032804
3.620000,2,-0.854778,-0.401222,-0.594351,0.170425,0.000000,0.000000,0.710402,0.182982,0.000000,0.000000,-0.152529,-0.039288
3.640000,2,-0.854778,-0.401222,-0.580175,0.174076,0.000000,0.000000,0.707101,0.182132,0.000000,0.000000,-0.177536,-0.045729
3.660000,2,-0.854778,-0.401222,-0.566070,0.177709,0.000000,0.000000,0.703302,0.181154,0.000000,0.000000,-0.202353,-0.052121
3.680000,2,-0.854778,-0.401222,-0.552046,0.181321,0.000000,0.000000,0.699009,0.180048,0.000000,0.000000,-0.226951,-0.058457
3.700000,2,-0.854778,-0.401222,-0.538113,0.184910,0.000000,0.000000,0.694226,0.178816,0.000000,0.000000,-0.251303,-0.064730
3.720000,2,-0.854778,-0.401222,-0.524281,0.188473,0.000000,0.000000,0.688958,0.177459,0.000000,0.000000,-0.275383,-0.070932
3.740000,2,-0.854778,-0.401222,-0.510558,0.192008,0.000000,0.000000,0.683212,0.175979,0.000000,0.000000,-0.299162,-0.077057
3.760000,2,-0.854778,-0.401222,-0.496955,0.195512,0.000000,0.000000,0.676994,0.174377,0.000000,0.000000,-0.322614,-0.083098
3.780000,2,-0.854778,-0.401222,-0.483481,0.198982,0.000000,0.000000,0.670310,0.172656,0.000000,0.000000,-0.345712,-0.089047
3.800000,2,-0.854778,-0.401222,-0.470146,0.202417,0.000000,0.000000,0.663168,0.170816,0.000000,0.000000,-0.368427,-0.094898
3.820000,2,-0.854778,-0.401222,-0.456958,0.205814,0.000000,0.000000,0.655576,0.168860,0.000000,0.000000,-0.390732,-0.100643
3.840000,2,-0.854778,-0.401222,-0.443926,0.209171,0.000000,0.000000,0.647542,0.166791,0.000000,0.000000,-0.412601,-0.106276
3.860000,2,-0.854778,-0.401222,-0.431059,0.212485,0.000000,0.000000,0.639075,0.164610,0.000000,0.000000,-0.434007,-0.111790
3.880000,2,-0.854778,-0.401222,-0.418366,0.215754,0.000000,0.000000,0.630185,0.162320,0.000000,0.000000,-0.454921,-0.117176
3.900000,2,-0.854778,-0.401222,-0.405854,0.218977,0.000000,0.000000,0.620881,0.159924,0.000000,0.000000,-0.475316,-0.122430
3.920000,2,-0.854778,-0.401222,-0.393533,0.222151,0.000000,0.000000,0.611176,0.157424,0.000000,0.000000,-0.495165,-0.127543
3.940000,2,-0.854778,-0.401222,-0.381410,0.225273,0.000000,0.000000,0.601079,0.154823,0.000000,0.000000,-0.514442,-0.132508
3.960000,2,-0.854778,-0.401222,-0.369492,0.228343,0.000000,0.000000,0.590602,0.152125,0.000000,0.000000,-0.533118,-0.137318
3.980000,2,-0.854778,-0.401222,-0.357788,0.231358,0.000000,0.000000,0.579758,0.149332,0.000000,0.000000,-0.551166,-0.141967
4.000000,2,-0.854778,-0.401222,-0.346305,0.234316,0.000000,0.000000,0.568560,0.146447,0.000000,0.000000,-0.568560,-0.146447
4.020000,2,-0.854778,-0.401222,-0.335048,0.237215,0.000000,0.000000,0.557020,0.143475,0.000000,0.000000,-0.585271,-0.150752
4.040000,2,-0.854778,-0.401222,-0.324026,0.240054,0.000000,0.000000,0.545154,0.140418,0.000000,0.000000,-0.601272,-0.154873
4.060000,2,-0.854778,-0.401222,-0.313244,0.242831,0.000000,0.000000,0.532974,0.137281,0.000000,0.000000,-0.616537,-0.158805
4.080000,2,-0.854778,-0.401222,-0.302709,0.245545,0.000000,0.000000,0.520497,0.134067,0.000000,0.000000,-0.631038,-0.162540
4.100000,2,-0.854778,-0.401222,-0.292426,0.248193,0.000000,0.000000,0.507738,0.130781,0.000000,0.000000,-0.644747,-0.166071
4.120000,2,-0.854778,-0.401222,-0.282401,0.250775,0.000000,0.000000,0.494713,0.127426,0.000000,0.000000,-0.657637,-0.169391
4.140000,2,-0.854778,-0.401222,-0.272639,0.253290,0.000000,0.000000,0.481438,0.124007,0.000000,0.000000,-0.669681,-0.172494
4.160000,2,-0.854778,-0.401222,-0.263145,0.255735,0.000000,0.000000,0.467931,0.120528,0.000000,0.000000,-0.680852,-0.175371
4.180000,2,-0.854778,-0.401222,-0.253923,0.258111,0.000000,0.000000,0.454210,0.116994,0.000000,0.000000,-0.691123,-0.178017
4.200000,2,-0.854778,-0.401222,-0.244978,0.260415,0.000000,0.000000,0.440293,0.113409,0.000000,0.000000,-0.700466,-0.180423
4.220000,2,-0.854778,-0.401222,-0.236313,0.262647,0.000000,0.000000,0.426198,0.109778,0.000000,0.000000,-0.708853,-0.182583
4.240000,2,-0.854778,-0.401222,-0.227931,0.264806,0.000000,0.000000,0.411945,0.106107,0.000000,0.000000,-0.716258,-0.184491
4.260000,2,-0.854778,-0.401222,-0.219836,0.266891,0.000000,0.000000,0.397554,0.102400,0.000000,0.000000,-0.722653,-0.186138
4.280000,2,-0.854778,-0.401222,-0.212030,0.268901,0.000000,0.000000,0.383046,0.098663,0.000000,0.000000,-0.728011,-0.187518
4.300000,2,-0.854778,-0.401222,-0.204515,0.270837,0.000000,0.000000,0.368441,0.094901,0.000000,0.000000,-0.732305,-0.188624
4.320000,2,-0.854778,-0.401222,-0.197293,0.272697,0.000000,0.000000,0.353761,0.091120,0.000000,0.000000,-0.735507,-0.189449
4.340000,2,-0.854778,-0.401222,-0.190365,0.274482,0.000000,0.000000,0.339028,0.087325,0.000000,0.000000,-0.737590,-0.189985
4.360000,2,-0.854778,-0.401222,-0.183732,0.276190,0.000000,0.000000,0.324265,0.083523,0.000000,0.000000,-0.738527,-0.190227
4.380000,2,-0.854778,-0.401222,-0.177394,0.277823,0.000000,0.000000,0.309495,0.079718,0.000000,0.000000,-0.738291,-0.190166
4.400000,2,-0.854778,-0.401222,-0.171352,0.279379,0.000000,0.000000,0.294741,0.075918,0.000000,0.000000,-0.736853,-0.189796
4.420000,2,-0.854778,-0.401222,-0.165604,0.280860,0.000000,0.000000,0.280029,0.072129,0.000000,0.000000,-0.734188,-0.189109
4.440000,2,-0.854778,-0.401222,-0.160150,0.282264,0.000000,0.000000,0.265382,0.068356,0.000000,0.000000,-0.730267,-0.188099
4.460000,2,-0.854778,-0.401222,-0.154988,0.283594,0.000000,0.000000,0.250827,0.064607,0.000000,0.000000,-0.725064,-0.186759
4.480000,2,-0.854778,-0.401222,-0.150116,0.284849,0.000000,0.000000,0.236388,0.060888,0.000000,0.000000,-0.718550,-0.185081
4.500000,2,-0.854778,-0.401222,-0.145532,0.286030,0.000000,0.000000,0.222094,0.057206,0.000000,0.000000,-0.710700,-0.183059
4.520000,2,-0.854778,-0.401222,-0.141232,0.287137,0.000000,0.000000,0.207969,0.053568,0.000000,0.000000,-0.701484,-0.180685
4.540000,2,-0.854778,-0.401222,-0.137212,0.288173,0.000000,0.000000,0.194044,0.049981,0.000000,0.000000,-0.690877,-0.177953
4.560000,2,-0.854778,-0.401222,-0.133468,0.289137,0.000000,0.000000,0.180344,0.046452,0.000000,0.000000,-0.678851,-0.174856
4.580000,2,-0.854778,-0.401222,-0.129996,0.290031,0.000000,0.000000,0.166899,0.042989,0.000000,0.000000,-0.665379,-0.171385
4.600000,2,-0.854778,-0.401222,-0.126790,0.290857,0.000000,0.000000,0.153739,0.039599,0.000000,0.000000,-0.650432,-0.167536
4.620000,2,-0.854778,-0.401222,-0.123845,0.291616,0.000000,0.000000,0.140892,0.036290,0.000000,0.000000,-0.633985,-0.163299
4.640000,2,-0.854778,-0.401222,-0.121152,0.292309,0.000000,0.000000,0.128389,0.033070,0.000000,0.000000,-0.616009,-0.158669
4.660000,2,-0.854778,-0.401222,-0.118707,0.292939,0.000000,0.000000,0.116262,0.029946,0.000000,0.000000,-0.596478,-0.153638
4.680000,2,-0.854778,-0.401222,-0.116499,0.293508,0.000000,0.000000,0.104541,0.026927,0.000000,0.000000,-0.575364,-0.148200
4.700000,2,-0.854778,-0.401222,-0.114522,0.294017,0.000000,0.000000,0.093258,0.024021,0.000000,0.000000,-0.552640,-0.142347
4.720000,2,-0.854778,-0.401222,-0.112766,0.294469,0.000000,0.000000,0.082446,0.021236,0.000000,0.000000,-0.528278,-0.136072
4.740000,2,-0.854778,-0.401222,-0.111221,0.294867,0.000000,0.000000,0.072138,0.018581,0.000000,0.000000,-0.502252,-0.129368
4.760000,2,-0.854778,-0.401222,-0.109877,0.295214,0.000000,0.000000,0.062367,0.016064,0.000000,0.000000,-0.474534,-0.122228
4.780000,2,-0.854778,-0.401222,-0.108722,0.295511,0.000000,0.000000,0.053168,0.013695,0.000000,0.000000,-0.445096,-0.114646
4.800000,2,-0.854778,-0.401222,-0.107746,0.295762,0.000000,0.000000,0.044575,0.011481,0.000000,0.000000,-0.413911,-0.106614
4.820000,2,-0.854778,-0.401222,-0.106935,0.295971,0.000000,0.000000,0.036623,0.009433,0.000000,0.000000,-0.380953,-0.098124
4.840000,2,-0.854778,-0.401222,-0.106277,0.296141,0.000000,0.000000,0.029349,0.007560,0.000000,0.000000,-0.346194,-0.089171
4.860000,2,-0.854778,-0.401222,-0.105756,0.296275,0.000000,0.000000,0.022788,0.005870,0.000000,0.000000,-0.309606,-0.079747
4.880000,2,-0.854778,-0.401222,-0.105360,0.296377,0.000000,0.000000,0.016977,0.004373,0.000000,0.000000,-0.271162,-0.069845
4.900000,2,-0.854778,-0.401222,-0.105072,0.296451,0.000000,0.000000,0.011954,0.003079,0.000000,0.000000,-0.230835,-0.059458
4.920000,2,-0.854778,-0.401222,-0.104876,0.296502,0.000000,0.000000,0.007756,0.001998,0.000000,0.000000,-0.188598,-0.048578
4.940000,2,-0.854778,-0.401222,-0.104756,0.296533,0.000000,0.000000,0.004423,0.001139,0.000000,0.000000,-0.144423,-0.037200
4.960000,2,-0.854778,-0.401222,-0.104693,0.296549,0.000000,0.000000,0.001993,0.000513,0.000000,0.000000,-0.098283,-0.025315
4.980000,2,-0.854778,-0.401222,-0.104670,0.296555,0.000000,0.000000,0.000505,0.000130,0.000000,0.000000,-0.050152,-0.012918
5.000000,2,-0.854778,-0.401222,-0.104667,0.296556,0.000000,0.000000,0.000000,-0.000000,0.000000,0.000000,0.000000,-0.000000
